{
  "builtin_entity_parser": "builtin_entity_parser",
  "config": {
    "intent_parsers_configs": [
      {
        "ignore_stop_words": true,
        "unit_name": "lookup_intent_parser"
      },
      {
        "intent_classifier_config": {
          "data_augmentation_config": {
            "add_builtin_entities_examples": false,
            "max_unknown_words": 5,
            "min_utterances": 20,
            "noise_factor": 5,
            "unknown_word_prob": 0.5,
            "unknown_words_replacement_string": "unknownword"
          },
          "featurizer_config": {
            "added_cooccurrence_feature_ratio": 0,
            "cooccurrence_vectorizer_config": {
              "filter_stop_words": true,
              "keep_order": true,
              "unit_name": "cooccurrence_vectorizer",
              "unknown_words_replacement_string": "unknownword",
              "window_size": 5
            },
            "pvalue_threshold": 0.4,
            "tfidf_vectorizer_config": {
              "unit_name": "tfidf_vectorizer",
              "use_stemming": true,
              "word_clusters_name": null
            },
            "unit_name": "featurizer"
          },
          "noise_reweight_factor": 1.0,
          "unit_name": "log_reg_intent_classifier"
        },
        "slot_filler_config": {
          "crf_args": {
            "algorithm": "lbfgs",
            "c1": 0.1,
            "c2": 0.1
          },
          "data_augmentation_config": {
            "add_builtin_entities_examples": false,
            "capitalization_ratio": 0,
            "min_utterances": 200
          },
          "feature_factory_configs": [
            {
              "args": {
                "common_words_gazetteer_name": "top_200000_words_stemmed",
                "n": 1,
                "use_stemming": true
              },
              "factory_name": "ngram",
              "offsets": [
                -2,
                -1,
                0,
                1,
                2
              ]
            },
            {
              "args": {
                "common_words_gazetteer_name": "top_200000_words_stemmed",
                "n": 2,
                "use_stemming": true
              },
              "factory_name": "ngram",
              "offsets": [
                -2,
                1
              ]
            },
            {
              "args": {
                "prefix_size": 2
              },
              "factory_name": "prefix",
              "offsets": [
                0
              ]
            },
            {
              "args": {
                "prefix_size": 5
              },
              "factory_name": "prefix",
              "offsets": [
                0
              ]
            },
            {
              "args": {
                "suffix_size": 2
              },
              "factory_name": "suffix",
              "offsets": [
                0
              ]
            },
            {
              "args": {
                "suffix_size": 5
              },
              "factory_name": "suffix",
              "offsets": [
                0
              ]
            },
            {
              "args": {},
              "factory_name": "is_digit",
              "offsets": [
                -1,
                0,
                1
              ]
            },
            {
              "args": {},
              "factory_name": "is_first",
              "offsets": [
                -2,
                -1,
                0
              ]
            },
            {
              "args": {},
              "factory_name": "is_last",
              "offsets": [
                0,
                1,
                2
              ]
            },
            {
              "args": {
                "entity_filter": {
                  "automatically_extensible": false
                },
                "tagging_scheme_code": 2,
                "use_stemming": true
              },
              "drop_out": 0.1,
              "factory_name": "entity_match",
              "offsets": [
                -2,
                -1,
                0
              ]
            },
            {
              "args": {
                "entity_filter": {
                  "automatically_extensible": true
                },
                "tagging_scheme_code": 2,
                "use_stemming": true
              },
              "drop_out": 0.5,
              "factory_name": "entity_match",
              "offsets": [
                -2,
                -1,
                0
              ]
            },
            {
              "args": {
                "tagging_scheme_code": 1
              },
              "factory_name": "builtin_entity_match",
              "offsets": [
                -2,
                -1,
                0
              ]
            }
          ],
          "tagging_scheme": 1,
          "unit_name": "crf_slot_filler"
        },
        "unit_name": "probabilistic_intent_parser"
      }
    ],
    "unit_name": "nlu_engine"
  },
  "custom_entity_parser": "custom_entity_parser",
  "dataset_metadata": {
    "entities": {
      "anomalies": {
        "automatically_extensible": false
      },
      "filling_state": {
        "automatically_extensible": false
      },
      "medical_staff": {
        "automatically_extensible": false
      },
      "meds": {
        "automatically_extensible": false
      },
      "mobil": {
        "automatically_extensible": false
      },
      "notTaken": {
        "automatically_extensible": false
      },
      "saved_contact": {
        "automatically_extensible": false
      },
      "time_questionWord": {
        "automatically_extensible": false
      },
      "time_span_signal": {
        "automatically_extensible": false
      },
      "time_spec": {
        "automatically_extensible": false
      },
      "verb_confirm": {
        "automatically_extensible": false
      },
      "verb_contact": {
        "automatically_extensible": false
      },
      "verb_info": {
        "automatically_extensible": false
      },
      "verb_quit": {
        "automatically_extensible": false
      },
      "verb_refill": {
        "automatically_extensible": false
      },
      "verb_start": {
        "automatically_extensible": false
      },
      "verb_takeMed": {
        "automatically_extensible": false
      },
      "volume_relative": {
        "automatically_extensible": false
      },
      "volume_relative_signal": {
        "automatically_extensible": false
      },
      "yes": {
        "automatically_extensible": false
      },
      "you_me": {
        "automatically_extensible": false
      }
    },
    "language_code": "de",
    "slot_name_mappings": {
      "carlasailer:adaptVolume": {
        "volume_relative": "volume_relative",
        "volume_relative_signal": "volume_relative_signal",
        "volume_value": "snips/number"
      },
      "carlasailer:confirmTaking": {
        "meds": "meds",
        "verb_confirm": "verb_confirm",
        "yes": "yes"
      },
      "carlasailer:contact": {
        "medical_staff": "medical_staff",
        "saved_contact": "saved_contact",
        "verb_contact": "verb_contact"
      },
      "carlasailer:durationMobilemode": {
        "number_days": "snips/number",
        "time_span_signal": "time_span_signal",
        "time_spec": "time_spec"
      },
      "carlasailer:getHistory": {
        "anomalies": "anomalies",
        "meds": "meds",
        "notTaken": "notTaken",
        "time_questionWord": "time_questionWord",
        "verb_info": "verb_info"
      },
      "carlasailer:infoMedication": {
        "meds": "meds",
        "time_questionWord": "time_questionWord",
        "time_spec": "time_spec",
        "verb_info": "verb_info",
        "verb_takeMed": "verb_takeMed"
      },
      "carlasailer:infoRefilling": {
        "meds": "meds",
        "state": "filling_state",
        "time_questionWord": "time_questionWord",
        "verb_refill": "verb_refill"
      },
      "carlasailer:quitDialog": {
        "verb_quit": "verb_quit"
      },
      "carlasailer:repeat": {
        "direction": "you_me"
      },
      "carlasailer:startMobilemode": {
        "mobil": "mobil",
        "verb_start": "verb_start"
      }
    }
  },
  "intent_parsers": [
    "lookup_intent_parser",
    "probabilistic_intent_parser"
  ],
  "model_version": "0.20.0",
  "training_package_version": "0.20.1",
  "unit_name": "nlu_engine"
}