{
  "id" : "proj_4QNlVoglgmk",
  "name" : "TANTUM_Assistant",
  "intents" : [ {
    "id" : "carlasailer:repeat",
    "type" : "registry",
    "version" : "0.8.0",
    "language" : "de",
    "slots" : [ {
      "name" : "direction",
      "id" : "qWzloISzP",
      "entityId" : "entity_gQzQrlpdYgb",
      "missingQuestion" : "",
      "required" : false
    } ],
    "name" : "repeat",
    "enabledByDefault" : true
  }, {
    "id" : "carlasailer:getHistory",
    "type" : "registry",
    "version" : "2.2.0",
    "language" : "de",
    "slots" : [ {
      "name" : "anomalies",
      "id" : "NA-44-45z",
      "entityId" : "entity_GW8PwMvVar9",
      "missingQuestion" : "",
      "required" : false
    }, {
      "name" : "meds",
      "id" : "Mi9zu-8z-",
      "entityId" : "entity_lmYBG2mMbo8",
      "missingQuestion" : "",
      "required" : false
    }, {
      "name" : "verb_info",
      "id" : "vHZzTOeZc",
      "entityId" : "entity_Z3K8dYZ9lMn",
      "missingQuestion" : "",
      "required" : false
    }, {
      "name" : "time_questionWord",
      "id" : "j2k2Ax50G",
      "entityId" : "entity_a5zZznorNDq",
      "missingQuestion" : "",
      "required" : false
    }, {
      "name" : "notTaken",
      "id" : "BI2ZIPeM5",
      "entityId" : "entity_7NMm97AoYyz",
      "missingQuestion" : "",
      "required" : false
    } ],
    "name" : "getHistory",
    "enabledByDefault" : true
  }, {
    "id" : "carlasailer:infoRefilling",
    "type" : "registry",
    "version" : "2.1.0",
    "language" : "de",
    "slots" : [ {
      "name" : "time_questionWord",
      "id" : "rjyRxZJah",
      "entityId" : "entity_a5zZznorNDq",
      "missingQuestion" : "",
      "required" : false
    }, {
      "name" : "verb_refill",
      "id" : "p7_Gyz9gR",
      "entityId" : "entity_zzvoo16Av93",
      "missingQuestion" : "",
      "required" : false
    }, {
      "name" : "meds",
      "id" : "TI8lobyG0",
      "entityId" : "entity_lmYBG2mMbo8",
      "missingQuestion" : "",
      "required" : false
    }, {
      "name" : "state",
      "id" : "ypDHelDGn",
      "entityId" : "entity_Y6qWAM2YxOb",
      "missingQuestion" : "",
      "required" : false
    } ],
    "name" : "infoRefilling",
    "enabledByDefault" : true
  }, {
    "id" : "carlasailer:confirmTaking",
    "type" : "registry",
    "version" : "1.0.0",
    "language" : "de",
    "slots" : [ {
      "name" : "verb_confirm",
      "id" : "8BSBsN4aG",
      "entityId" : "entity_ZbMD8x4ozKD",
      "missingQuestion" : "",
      "required" : false
    }, {
      "name" : "meds",
      "id" : "XH4Gnu3Q-",
      "entityId" : "entity_lmYBG2mMbo8",
      "missingQuestion" : "",
      "required" : false
    }, {
      "name" : "yes",
      "id" : "pNbQFco4z",
      "entityId" : "entity_bmMWBr7r7pn",
      "missingQuestion" : "",
      "required" : false
    } ],
    "name" : "confirmTaking",
    "enabledByDefault" : true
  }, {
    "id" : "carlasailer:infoMedication",
    "type" : "registry",
    "version" : "2.2.0",
    "language" : "de",
    "slots" : [ {
      "name" : "verb_info",
      "id" : "GaJ03TdLl",
      "entityId" : "entity_Z3K8dYZ9lMn",
      "missingQuestion" : "",
      "required" : false,
      "description" : "handels variations of the verb \"informieren\""
    }, {
      "name" : "verb_takeMed",
      "id" : "ioELSSLdi",
      "entityId" : "entity_BWgA2ZA29Nd",
      "missingQuestion" : "",
      "required" : false,
      "description" : "handels variations of the verb \"einnehmen\""
    }, {
      "name" : "time_spec",
      "id" : "xnDiwZqpT",
      "entityId" : "entity_lmY3Or6E20B",
      "missingQuestion" : "",
      "required" : false,
      "description" : "handels possible time specifications like weekdays or times of the day"
    }, {
      "name" : "time_questionWord",
      "id" : "ggofwAJ5K",
      "entityId" : "entity_a5zZznorNDq",
      "missingQuestion" : "",
      "required" : false,
      "description" : "handels variations for questionswords concerning time"
    }, {
      "name" : "meds",
      "id" : "-wWBB6zWb",
      "entityId" : "entity_lmYBG2mMbo8",
      "missingQuestion" : "",
      "required" : false,
      "description" : "handels variations of the word \"Medikamente\""
    } ],
    "name" : "infoMedication",
    "enabledByDefault" : true
  }, {
    "id" : "carlasailer:quitDialog",
    "type" : "registry",
    "version" : "0.11.0",
    "language" : "de",
    "slots" : [ {
      "name" : "verb_quit",
      "id" : "1iMpwuOiZ",
      "entityId" : "entity_V4l7bdZ3Xkv",
      "missingQuestion" : "",
      "required" : false
    } ],
    "name" : "quitDialog",
    "enabledByDefault" : true
  }, {
    "id" : "carlasailer:adaptVolume",
    "type" : "registry",
    "version" : "0.9.0",
    "language" : "de",
    "slots" : [ {
      "name" : "volume_value",
      "id" : "GGrhLCRum",
      "entityId" : "snips/number",
      "missingQuestion" : "",
      "required" : false
    }, {
      "name" : "volume_relative",
      "id" : "ayJOJBTFU",
      "entityId" : "entity_GmnKQEawMa9",
      "missingQuestion" : "",
      "required" : false
    }, {
      "name" : "volume_relative_signal",
      "id" : "FrMUF6lNo",
      "entityId" : "entity_QXO7Zm9W33l",
      "missingQuestion" : "",
      "required" : false
    } ],
    "name" : "adaptVolume",
    "enabledByDefault" : true
  }, {
    "id" : "carlasailer:startMobilemode",
    "type" : "registry",
    "version" : "1.1.0",
    "language" : "de",
    "slots" : [ {
      "name" : "verb_start",
      "id" : "lBiskUCVl",
      "entityId" : "entity_EMgx2VZld2b",
      "missingQuestion" : "",
      "required" : false
    }, {
      "name" : "mobil",
      "id" : "jokPdfl4_",
      "entityId" : "entity_d9bgodnN2dG",
      "missingQuestion" : "",
      "required" : false
    } ],
    "name" : "startMobilemode",
    "enabledByDefault" : true
  }, {
    "id" : "carlasailer:durationMobilemode",
    "type" : "registry",
    "version" : "0.23.0",
    "language" : "de",
    "slots" : [ {
      "name" : "time_spec",
      "id" : "8bJcp2cCi",
      "entityId" : "entity_lmY3Or6E20B",
      "missingQuestion" : "",
      "required" : false
    }, {
      "name" : "number_days",
      "id" : "-yQ1UAuaJ",
      "entityId" : "snips/number",
      "missingQuestion" : "",
      "required" : false
    }, {
      "name" : "time_span_signal",
      "id" : "5KohAvzm0",
      "entityId" : "entity_a8Xd8Dr5OvZ",
      "missingQuestion" : "",
      "required" : false
    } ],
    "name" : "durationMobilemode",
    "enabledByDefault" : true
  }, {
    "id" : "carlasailer:contact",
    "type" : "registry",
    "version" : "1.4.0",
    "language" : "de",
    "slots" : [ {
      "name" : "verb_contact",
      "id" : "7oyze6m5J",
      "entityId" : "entity_6p8Kb3D7Qao",
      "missingQuestion" : "",
      "required" : false
    }, {
      "name" : "saved_contact",
      "id" : "7vaZ89xYT",
      "entityId" : "entity_QqyPdKx87bp",
      "missingQuestion" : "",
      "required" : false
    }, {
      "name" : "medical_staff",
      "id" : "udbHySfzq",
      "entityId" : "entity_e94gDZvDOng",
      "missingQuestion" : "",
      "required" : false
    } ],
    "name" : "contact",
    "enabledByDefault" : true
  } ],
  "createdAt" : "2019-07-31T08:25:43.999Z",
  "language" : "de",
  "version" : {
    "nluModel" : "0.20.1"
  },
  "platform" : {
    "type" : "raspberrypi"
  },
  "asr" : {
    "type" : "snips"
  },
  "analyticsEnabled" : true,
  "heartbeatEnabled" : true,
  "hotword" : "hey_snips"
}