{
  "config": {
    "ignore_stop_words": true,
    "unit_name": "lookup_intent_parser"
  },
  "entity_scopes": [
    {
      "entity_scope": {
        "builtin": [
          "snips/number"
        ],
        "custom": [
          "volume_relative_signal",
          "volume_relative"
        ]
      },
      "intent_group": [
        "carlasailer:adaptVolume"
      ]
    },
    {
      "entity_scope": {
        "builtin": [],
        "custom": [
          "yes",
          "verb_confirm",
          "meds"
        ]
      },
      "intent_group": [
        "carlasailer:confirmTaking"
      ]
    },
    {
      "entity_scope": {
        "builtin": [],
        "custom": [
          "medical_staff",
          "saved_contact",
          "verb_contact"
        ]
      },
      "intent_group": [
        "carlasailer:contact"
      ]
    },
    {
      "entity_scope": {
        "builtin": [
          "snips/number"
        ],
        "custom": [
          "time_spec",
          "time_span_signal"
        ]
      },
      "intent_group": [
        "carlasailer:durationMobilemode"
      ]
    },
    {
      "entity_scope": {
        "builtin": [],
        "custom": [
          "notTaken",
          "time_questionWord",
          "verb_info",
          "anomalies",
          "meds"
        ]
      },
      "intent_group": [
        "carlasailer:getHistory"
      ]
    },
    {
      "entity_scope": {
        "builtin": [],
        "custom": [
          "time_spec",
          "time_questionWord",
          "verb_info",
          "verb_takeMed",
          "meds"
        ]
      },
      "intent_group": [
        "carlasailer:infoMedication"
      ]
    },
    {
      "entity_scope": {
        "builtin": [],
        "custom": [
          "meds",
          "filling_state",
          "verb_refill",
          "time_questionWord"
        ]
      },
      "intent_group": [
        "carlasailer:infoRefilling"
      ]
    },
    {
      "entity_scope": {
        "builtin": [],
        "custom": [
          "verb_quit"
        ]
      },
      "intent_group": [
        "carlasailer:quitDialog"
      ]
    },
    {
      "entity_scope": {
        "builtin": [],
        "custom": [
          "you_me"
        ]
      },
      "intent_group": [
        "carlasailer:repeat"
      ]
    },
    {
      "entity_scope": {
        "builtin": [],
        "custom": [
          "verb_start",
          "mobil"
        ]
      },
      "intent_group": [
        "carlasailer:startMobilemode"
      ]
    }
  ],
  "intents_names": [
    "carlasailer:adaptVolume",
    "carlasailer:confirmTaking",
    "carlasailer:contact",
    "carlasailer:durationMobilemode",
    "carlasailer:getHistory",
    "carlasailer:infoMedication",
    "carlasailer:infoRefilling",
    "carlasailer:quitDialog",
    "carlasailer:repeat",
    "carlasailer:startMobilemode"
  ],
  "language_code": "de",
  "map": {
    "-2147181166": [
      0,
      [
        2,
        1,
        0
      ]
    ],
    "-2137168706": [
      2,
      [
        8,
        7
      ]
    ],
    "-2076324503": [
      0,
      [
        1,
        0,
        2
      ]
    ],
    "-2071084895": [
      0,
      [
        1,
        0,
        2
      ]
    ],
    "-2049088553": [
      7,
      [
        19
      ]
    ],
    "-2045062681": [
      1,
      [
        5
      ]
    ],
    "-2044168242": [
      0,
      [
        2
      ]
    ],
    "-2010295796": [
      6,
      [
        4,
        17
      ]
    ],
    "-2010233803": [
      8,
      []
    ],
    "-1968260919": [
      2,
      [
        8,
        7
      ]
    ],
    "-1956979483": [
      2,
      [
        7,
        7,
        6
      ]
    ],
    "-1949261138": [
      1,
      [
        4,
        5
      ]
    ],
    "-1944546233": [
      0,
      [
        2
      ]
    ],
    "-1940193251": [
      0,
      [
        2
      ]
    ],
    "-1930020565": [
      7,
      [
        19
      ]
    ],
    "-1927368432": [
      5,
      [
        13,
        9,
        9,
        4,
        16
      ]
    ],
    "-1924730501": [
      4,
      []
    ],
    "-1916817745": [
      5,
      [
        9,
        9,
        13,
        4,
        16
      ]
    ],
    "-1902245685": [
      7,
      [
        19
      ]
    ],
    "-1857441934": [
      8,
      [
        20
      ]
    ],
    "-1808985850": [
      6,
      [
        13,
        18
      ]
    ],
    "-1792301169": [
      4,
      [
        12,
        4,
        14
      ]
    ],
    "-1784830181": [
      6,
      [
        13,
        17
      ]
    ],
    "-1781119933": [
      3,
      [
        11
      ]
    ],
    "-1770595296": [
      6,
      [
        13,
        17,
        4
      ]
    ],
    "-1768333452": [
      4,
      [
        4,
        14
      ]
    ],
    "-1764762280": [
      5,
      [
        13,
        9,
        4,
        16
      ]
    ],
    "-1750371191": [
      1,
      [
        5
      ]
    ],
    "-1736409093": [
      3,
      [
        11
      ]
    ],
    "-1714664213": [
      6,
      [
        18,
        4
      ]
    ],
    "-1712889577": [
      0,
      [
        2
      ]
    ],
    "-1699272335": [
      5,
      [
        12,
        4,
        9
      ]
    ],
    "-1688099730": [
      6,
      [
        13,
        18,
        4
      ]
    ],
    "-1685595348": [
      4,
      []
    ],
    "-1664179027": [
      1,
      [
        5
      ]
    ],
    "-1660793105": [
      2,
      [
        7,
        6
      ]
    ],
    "-1642182499": [
      6,
      [
        4,
        17
      ]
    ],
    "-1609822937": [
      8,
      [
        20
      ]
    ],
    "-1587956714": [
      6,
      [
        13,
        4,
        18
      ]
    ],
    "-1578924577": [
      0,
      [
        2
      ]
    ],
    "-1575732197": [
      8,
      []
    ],
    "-1568435740": [
      7,
      [
        19,
        19
      ]
    ],
    "-1566104618": [
      6,
      [
        17
      ]
    ],
    "-1542226252": [
      4,
      [
        4,
        14
      ]
    ],
    "-1540454177": [
      8,
      [
        20
      ]
    ],
    "-1515501350": [
      5,
      [
        13,
        9,
        4,
        16
      ]
    ],
    "-1506948290": [
      9,
      [
        21,
        22,
        22,
        21
      ]
    ],
    "-1502507882": [
      7,
      [
        19
      ]
    ],
    "-1495907058": [
      7,
      [
        19
      ]
    ],
    "-1465246651": [
      3,
      [
        10,
        9
      ]
    ],
    "-1453946509": [
      8,
      [
        20
      ]
    ],
    "-1451218314": [
      5,
      [
        4,
        12
      ]
    ],
    "-1436052132": [
      0,
      [
        2
      ]
    ],
    "-1432293151": [
      2,
      [
        7,
        6
      ]
    ],
    "-1415486980": [
      1,
      [
        5,
        4
      ]
    ],
    "-1378092014": [
      6,
      [
        13,
        18,
        4,
        18
      ]
    ],
    "-1372992938": [
      1,
      [
        5
      ]
    ],
    "-1371418521": [
      1,
      [
        3,
        4,
        5
      ]
    ],
    "-1320279778": [
      7,
      [
        19
      ]
    ],
    "-1320017730": [
      6,
      [
        13,
        4,
        18
      ]
    ],
    "-1315566488": [
      2,
      [
        6,
        7
      ]
    ],
    "-1312451697": [
      6,
      [
        13,
        4,
        17
      ]
    ],
    "-1306912910": [
      8,
      []
    ],
    "-1302419491": [
      7,
      [
        19
      ]
    ],
    "-1288633761": [
      2,
      [
        7,
        6
      ]
    ],
    "-1279881544": [
      1,
      [
        3,
        5
      ]
    ],
    "-1279468478": [
      6,
      [
        17,
        4
      ]
    ],
    "-1265149236": [
      4,
      [
        13,
        4,
        14
      ]
    ],
    "-1240131639": [
      6,
      [
        13,
        4,
        18
      ]
    ],
    "-1239074790": [
      6,
      [
        17,
        4
      ]
    ],
    "-1224618818": [
      4,
      [
        12,
        4,
        14
      ]
    ],
    "-1208037210": [
      3,
      [
        9
      ]
    ],
    "-1199067804": [
      6,
      [
        13,
        17,
        4
      ]
    ],
    "-1192096971": [
      2,
      [
        6,
        7
      ]
    ],
    "-1183386332": [
      0,
      [
        2
      ]
    ],
    "-1174549710": [
      6,
      [
        13,
        18,
        4
      ]
    ],
    "-1139190852": [
      4,
      [
        4,
        14
      ]
    ],
    "-1132754665": [
      4,
      [
        4,
        14
      ]
    ],
    "-1126526908": [
      0,
      [
        2
      ]
    ],
    "-1111570822": [
      1,
      [
        4,
        5
      ]
    ],
    "-1103997064": [
      2,
      [
        7,
        6
      ]
    ],
    "-1099281148": [
      8,
      []
    ],
    "-1095632951": [
      8,
      [
        20
      ]
    ],
    "-1034639873": [
      6,
      [
        4,
        17
      ]
    ],
    "-1017467449": [
      3,
      [
        10,
        9,
        10,
        9
      ]
    ],
    "-1015154717": [
      2,
      [
        8,
        7
      ]
    ],
    "-1014825817": [
      3,
      [
        9
      ]
    ],
    "-1011665800": [
      5,
      [
        13,
        9,
        9,
        16
      ]
    ],
    "-1009345251": [
      8,
      [
        20
      ]
    ],
    "-1007040097": [
      5,
      [
        13,
        9,
        9,
        4,
        16
      ]
    ],
    "-1000507380": [
      4,
      [
        15
      ]
    ],
    "-993917474": [
      1,
      [
        5,
        4
      ]
    ],
    "-980673607": [
      3,
      [
        9
      ]
    ],
    "-977916105": [
      5,
      [
        12,
        13,
        9,
        9,
        4,
        16
      ]
    ],
    "-953192977": [
      8,
      []
    ],
    "-940718376": [
      6,
      [
        13,
        18
      ]
    ],
    "-826585419": [
      4,
      [
        15,
        4
      ]
    ],
    "-812173614": [
      6,
      [
        13,
        4,
        18
      ]
    ],
    "-773516177": [
      6,
      [
        13,
        17
      ]
    ],
    "-770531316": [
      3,
      [
        11
      ]
    ],
    "-746946388": [
      4,
      [
        14,
        4
      ]
    ],
    "-728026594": [
      4,
      [
        15,
        4,
        12
      ]
    ],
    "-720014799": [
      6,
      [
        13,
        4,
        18
      ]
    ],
    "-704151145": [
      5,
      [
        13,
        4,
        16
      ]
    ],
    "-670495104": [
      8,
      []
    ],
    "-667711235": [
      1,
      [
        5,
        4
      ]
    ],
    "-611862900": [
      2,
      [
        6,
        7
      ]
    ],
    "-599520480": [
      6,
      [
        17,
        4,
        17
      ]
    ],
    "-583491262": [
      5,
      [
        9,
        9,
        16
      ]
    ],
    "-536165112": [
      5,
      [
        13,
        4,
        9,
        16
      ]
    ],
    "-533904301": [
      8,
      [
        20
      ]
    ],
    "-527410470": [
      4,
      [
        13,
        15
      ]
    ],
    "-508492002": [
      3,
      [
        9
      ]
    ],
    "-499139596": [
      5,
      [
        9,
        4,
        16
      ]
    ],
    "-496374182": [
      4,
      [
        12,
        13,
        15
      ]
    ],
    "-472973272": [
      2,
      [
        7,
        6
      ]
    ],
    "-469150395": [
      1,
      [
        5,
        4,
        5
      ]
    ],
    "-452562389": [
      6,
      [
        17
      ]
    ],
    "-434502265": [
      4,
      []
    ],
    "-356278360": [
      5,
      [
        12,
        13,
        4,
        16
      ]
    ],
    "-344261191": [
      1,
      [
        3,
        4,
        5
      ]
    ],
    "-333556219": [
      8,
      []
    ],
    "-328002285": [
      3,
      [
        9,
        9
      ]
    ],
    "-321422887": [
      0,
      [
        0
      ]
    ],
    "-286795638": [
      4,
      [
        12,
        13,
        4,
        14
      ]
    ],
    "-255898041": [
      9,
      [
        22,
        21
      ]
    ],
    "-246157162": [
      9,
      [
        21,
        22,
        21
      ]
    ],
    "-238414095": [
      8,
      []
    ],
    "-232656781": [
      5,
      [
        9,
        13,
        4,
        16
      ]
    ],
    "-223137023": [
      0,
      [
        2
      ]
    ],
    "-204471910": [
      1,
      [
        3,
        5
      ]
    ],
    "-202967645": [
      9,
      [
        21,
        22
      ]
    ],
    "-174380405": [
      9,
      [
        22
      ]
    ],
    "-152440864": [
      5,
      [
        13,
        4,
        9,
        16
      ]
    ],
    "-115309633": [
      0,
      [
        2
      ]
    ],
    "-112462355": [
      5,
      [
        4,
        12
      ]
    ],
    "-109879477": [
      8,
      []
    ],
    "-105827714": [
      5,
      [
        13,
        9,
        4,
        16
      ]
    ],
    "-97299991": [
      2,
      [
        7,
        8
      ]
    ],
    "-28055196": [
      1,
      [
        3,
        5
      ]
    ],
    "-26771572": [
      1,
      [
        4,
        5
      ]
    ],
    "-26051688": [
      1,
      [
        4,
        5
      ]
    ],
    "-9789223": [
      8,
      []
    ],
    "-8290191": [
      8,
      [
        20,
        20
      ]
    ],
    "-5745427": [
      3,
      [
        9
      ]
    ],
    "86199309": [
      3,
      [
        9
      ]
    ],
    "86562879": [
      6,
      [
        13,
        17
      ]
    ],
    "90390931": [
      1,
      [
        5
      ]
    ],
    "91936398": [
      1,
      [
        5,
        4,
        5
      ]
    ],
    "108827655": [
      6,
      [
        13,
        4,
        18
      ]
    ],
    "135693942": [
      9,
      [
        22,
        21
      ]
    ],
    "160750043": [
      0,
      [
        2
      ]
    ],
    "208602314": [
      9,
      [
        21,
        22
      ]
    ],
    "227035359": [
      5,
      [
        12,
        13,
        9,
        4
      ]
    ],
    "231594355": [
      8,
      [
        20
      ]
    ],
    "234631047": [
      4,
      [
        13,
        4,
        14,
        14,
        14
      ]
    ],
    "237144147": [
      5,
      [
        13,
        9,
        4,
        16
      ]
    ],
    "244389219": [
      8,
      [
        20
      ]
    ],
    "271887372": [
      5,
      [
        12,
        13,
        9,
        4,
        16
      ]
    ],
    "318829877": [
      3,
      [
        9
      ]
    ],
    "322922538": [
      9,
      [
        21,
        22
      ]
    ],
    "328268553": [
      4,
      []
    ],
    "407605191": [
      0,
      [
        0
      ]
    ],
    "415650393": [
      6,
      [
        17
      ]
    ],
    "502600699": [
      6,
      [
        13,
        18,
        4
      ]
    ],
    "505336254": [
      5,
      [
        9,
        9,
        13,
        4
      ]
    ],
    "510160188": [
      4,
      [
        12,
        4,
        14
      ]
    ],
    "536928786": [
      9,
      [
        22,
        21
      ]
    ],
    "571993499": [
      1,
      [
        5
      ]
    ],
    "572170406": [
      9,
      [
        21,
        22
      ]
    ],
    "597627694": [
      0,
      [
        0
      ]
    ],
    "611005180": [
      2,
      [
        8,
        7
      ]
    ],
    "625394067": [
      8,
      [
        20
      ]
    ],
    "644884474": [
      4,
      [
        13,
        4,
        14
      ]
    ],
    "682170645": [
      5,
      [
        13,
        9,
        4
      ]
    ],
    "686013840": [
      4,
      [
        12,
        13,
        4,
        14,
        14
      ]
    ],
    "746295272": [
      3,
      [
        11
      ]
    ],
    "752485837": [
      8,
      [
        20
      ]
    ],
    "771160707": [
      9,
      [
        22,
        21
      ]
    ],
    "799105248": [
      4,
      [
        15
      ]
    ],
    "831386288": [
      0,
      [
        1,
        0
      ]
    ],
    "857342505": [
      1,
      [
        4,
        5
      ]
    ],
    "865421509": [
      8,
      []
    ],
    "907939746": [
      5,
      [
        13,
        4,
        9,
        16
      ]
    ],
    "920416683": [
      6,
      [
        13,
        17,
        4
      ]
    ],
    "931977169": [
      8,
      []
    ],
    "968272646": [
      2,
      [
        7,
        7,
        6
      ]
    ],
    "983991238": [
      7,
      [
        19
      ]
    ],
    "1012329682": [
      0,
      [
        0
      ]
    ],
    "1098743955": [
      4,
      [
        12,
        13,
        4,
        14
      ]
    ],
    "1103014804": [
      2,
      [
        8,
        7
      ]
    ],
    "1116681553": [
      7,
      []
    ],
    "1127817752": [
      2,
      [
        6,
        7
      ]
    ],
    "1144199272": [
      5,
      [
        12,
        4
      ]
    ],
    "1172627080": [
      8,
      [
        20
      ]
    ],
    "1183313668": [
      3,
      [
        10,
        9
      ]
    ],
    "1219032623": [
      1,
      [
        3,
        5
      ]
    ],
    "1225871718": [
      5,
      [
        13,
        4,
        9,
        16
      ]
    ],
    "1262896605": [
      2,
      [
        8,
        7
      ]
    ],
    "1284684140": [
      4,
      [
        4
      ]
    ],
    "1297761417": [
      2,
      [
        7,
        8,
        7
      ]
    ],
    "1305255265": [
      3,
      [
        9
      ]
    ],
    "1313317493": [
      3,
      [
        11
      ]
    ],
    "1351204842": [
      8,
      []
    ],
    "1369409855": [
      3,
      [
        10,
        9
      ]
    ],
    "1373252463": [
      4,
      [
        12,
        15,
        4
      ]
    ],
    "1377951747": [
      7,
      [
        19
      ]
    ],
    "1485322565": [
      1,
      [
        5
      ]
    ],
    "1487362365": [
      2,
      [
        7,
        8
      ]
    ],
    "1490424944": [
      4,
      [
        15,
        4
      ]
    ],
    "1491094629": [
      4,
      [
        12,
        14,
        4,
        14
      ]
    ],
    "1524408514": [
      9,
      [
        21,
        22
      ]
    ],
    "1537825728": [
      4,
      [
        12,
        13,
        4,
        14,
        14
      ]
    ],
    "1551181287": [
      1,
      [
        3
      ]
    ],
    "1560221306": [
      4,
      [
        4,
        14,
        14
      ]
    ],
    "1572076492": [
      4,
      [
        12,
        13,
        15
      ]
    ],
    "1576303132": [
      3,
      [
        9,
        9
      ]
    ],
    "1585635332": [
      6,
      [
        4,
        18
      ]
    ],
    "1597787230": [
      4,
      [
        13,
        4,
        14
      ]
    ],
    "1610446748": [
      4,
      [
        12,
        14,
        4
      ]
    ],
    "1610881448": [
      4,
      [
        13,
        4,
        14,
        14
      ]
    ],
    "1612312475": [
      9,
      [
        22,
        22,
        21
      ]
    ],
    "1642676403": [
      2,
      [
        7,
        6
      ]
    ],
    "1686891804": [
      1,
      [
        3
      ]
    ],
    "1696927074": [
      2,
      [
        7,
        6
      ]
    ],
    "1732223487": [
      2,
      [
        7,
        6
      ]
    ],
    "1732686994": [
      4,
      [
        13,
        4,
        14
      ]
    ],
    "1741850739": [
      0,
      [
        2
      ]
    ],
    "1746222379": [
      6,
      [
        18,
        17,
        4
      ]
    ],
    "1749886317": [
      2,
      [
        6,
        7
      ]
    ],
    "1750256548": [
      8,
      []
    ],
    "1753203929": [
      7,
      [
        19
      ]
    ],
    "1753952043": [
      0,
      [
        1,
        0,
        2
      ]
    ],
    "1777087770": [
      4,
      [
        14,
        4,
        14
      ]
    ],
    "1802105947": [
      4,
      [
        13,
        15
      ]
    ],
    "1827821008": [
      1,
      [
        3,
        4,
        5
      ]
    ],
    "1836933205": [
      3,
      [
        10,
        9,
        10,
        9
      ]
    ],
    "1859709431": [
      3,
      [
        10,
        9
      ]
    ],
    "1862702717": [
      1,
      [
        5
      ]
    ],
    "1867163104": [
      0,
      [
        2
      ]
    ],
    "1886259961": [
      6,
      [
        17
      ]
    ],
    "1891329402": [
      0,
      [
        0
      ]
    ],
    "1910834059": [
      2,
      [
        8,
        7
      ]
    ],
    "1929241781": [
      0,
      [
        0
      ]
    ],
    "1966408698": [
      3,
      [
        9
      ]
    ],
    "2013641270": [
      4,
      [
        12,
        4,
        14,
        14
      ]
    ],
    "2101940723": [
      1,
      [
        3,
        4,
        5
      ]
    ],
    "2140143960": [
      3,
      [
        10,
        9,
        10,
        9
      ]
    ]
  },
  "slots_names": [
    "volume_value",
    "volume_relative_signal",
    "volume_relative",
    "yes",
    "meds",
    "verb_confirm",
    "medical_staff",
    "verb_contact",
    "saved_contact",
    "time_spec",
    "time_span_signal",
    "number_days",
    "verb_info",
    "time_questionWord",
    "notTaken",
    "anomalies",
    "verb_takeMed",
    "state",
    "verb_refill",
    "verb_quit",
    "direction",
    "verb_start",
    "mobil"
  ],
  "stop_words_whitelist": {
    "carlasailer:repeat": [
      "dein",
      "deiner",
      "du",
      "mein",
      "meine"
    ]
  }
}