{
  "parsers_metadata": [
    {
      "entity_identifier": "anomalies",
      "entity_parser": "parser_1"
    },
    {
      "entity_identifier": "filling_state",
      "entity_parser": "parser_2"
    },
    {
      "entity_identifier": "medical_staff",
      "entity_parser": "parser_3"
    },
    {
      "entity_identifier": "meds",
      "entity_parser": "parser_4"
    },
    {
      "entity_identifier": "mobil",
      "entity_parser": "parser_5"
    },
    {
      "entity_identifier": "notTaken",
      "entity_parser": "parser_6"
    },
    {
      "entity_identifier": "saved_contact",
      "entity_parser": "parser_7"
    },
    {
      "entity_identifier": "time_questionWord",
      "entity_parser": "parser_8"
    },
    {
      "entity_identifier": "time_span_signal",
      "entity_parser": "parser_9"
    },
    {
      "entity_identifier": "time_spec",
      "entity_parser": "parser_10"
    },
    {
      "entity_identifier": "verb_confirm",
      "entity_parser": "parser_11"
    },
    {
      "entity_identifier": "verb_contact",
      "entity_parser": "parser_12"
    },
    {
      "entity_identifier": "verb_info",
      "entity_parser": "parser_13"
    },
    {
      "entity_identifier": "verb_quit",
      "entity_parser": "parser_14"
    },
    {
      "entity_identifier": "verb_refill",
      "entity_parser": "parser_15"
    },
    {
      "entity_identifier": "verb_start",
      "entity_parser": "parser_16"
    },
    {
      "entity_identifier": "verb_takeMed",
      "entity_parser": "parser_17"
    },
    {
      "entity_identifier": "volume_relative",
      "entity_parser": "parser_18"
    },
    {
      "entity_identifier": "volume_relative_signal",
      "entity_parser": "parser_19"
    },
    {
      "entity_identifier": "yes",
      "entity_parser": "parser_20"
    },
    {
      "entity_identifier": "you_me",
      "entity_parser": "parser_21"
    }
  ]
}