{
    "volume_relative": {
        "vanilla": "06356a8a-e5c4-44af-b957-62d912631bb4.vanilla", 
        "ngram": true, 
        "added": "06356a8a-e5c4-44af-b957-62d912631bb4.added", 
        "pruningThresholds": [], 
        "order": 3
    }, 
    "verb_info": {
        "vanilla": "fc293378-6e6f-4a74-abe4-498405af7d43.vanilla", 
        "ngram": true, 
        "added": "fc293378-6e6f-4a74-abe4-498405af7d43.added", 
        "pruningThresholds": [], 
        "order": 3
    }, 
    "anomalies": {
        "vanilla": "597caf46-8b01-4eb9-924e-d60d4219d104.vanilla", 
        "ngram": true, 
        "added": "597caf46-8b01-4eb9-924e-d60d4219d104.added", 
        "pruningThresholds": [], 
        "order": 3
    }, 
    "time_questionWord": {
        "vanilla": "e6009628-0498-40f5-a34e-d553736716b9.vanilla", 
        "ngram": true, 
        "added": "e6009628-0498-40f5-a34e-d553736716b9.added", 
        "pruningThresholds": [], 
        "order": 3
    }, 
    "saved_contact": {
        "vanilla": "1c14ac8b-314c-47a2-9a42-1a21501e4554.vanilla", 
        "ngram": true, 
        "added": "1c14ac8b-314c-47a2-9a42-1a21501e4554.added", 
        "pruningThresholds": [], 
        "order": 3
    }, 
    "verb_confirm": {
        "vanilla": "0e65e009-e685-42fa-b38b-dca00d6fede1.vanilla", 
        "ngram": true, 
        "added": "0e65e009-e685-42fa-b38b-dca00d6fede1.added", 
        "pruningThresholds": [], 
        "order": 3
    }, 
    "yes": {
        "vanilla": "4d2d04c5-9567-45b3-bf4b-9bd335be352f.vanilla", 
        "ngram": true, 
        "added": "4d2d04c5-9567-45b3-bf4b-9bd335be352f.added", 
        "pruningThresholds": [], 
        "order": 3
    }, 
    "mobil": {
        "vanilla": "8bc8be6e-26af-4a11-a9a5-21340d243611.vanilla", 
        "ngram": true, 
        "added": "8bc8be6e-26af-4a11-a9a5-21340d243611.added", 
        "pruningThresholds": [], 
        "order": 3
    }, 
    "time_span_signal": {
        "vanilla": "daeff2b6-53c0-4fca-aca9-d6ee3d902ce4.vanilla", 
        "ngram": true, 
        "added": "daeff2b6-53c0-4fca-aca9-d6ee3d902ce4.added", 
        "pruningThresholds": [], 
        "order": 3
    }, 
    "verb_refill": {
        "vanilla": "2a84ab1a-25e8-4d4f-b7a7-bd26eb9251b7.vanilla", 
        "ngram": true, 
        "added": "2a84ab1a-25e8-4d4f-b7a7-bd26eb9251b7.added", 
        "pruningThresholds": [], 
        "order": 3
    }, 
    "meds": {
        "vanilla": "d37088ca-c378-4ecd-aab0-59e5460db742.vanilla", 
        "ngram": true, 
        "added": "d37088ca-c378-4ecd-aab0-59e5460db742.added", 
        "pruningThresholds": [], 
        "order": 3
    }, 
    "volume_relative_signal": {
        "vanilla": "83414b4b-9fc6-4621-bde9-50e64ca61356.vanilla", 
        "ngram": true, 
        "added": "83414b4b-9fc6-4621-bde9-50e64ca61356.added", 
        "pruningThresholds": [], 
        "order": 3
    }, 
    "verb_contact": {
        "vanilla": "51a3df8f-d57b-4013-8771-c4201df21eff.vanilla", 
        "ngram": true, 
        "added": "51a3df8f-d57b-4013-8771-c4201df21eff.added", 
        "pruningThresholds": [], 
        "order": 3
    }, 
    "snips/number": {
        "vanilla": "9c7753e4-a5d4-4801-b5b2-ac42355a85e2.vanilla", 
        "ngram": false, 
        "added": "9c7753e4-a5d4-4801-b5b2-ac42355a85e2.added", 
        "pruningThresholds": [], 
        "order": 0
    }, 
    "verb_start": {
        "vanilla": "74991144-c692-4ac7-b976-927e969d5b51.vanilla", 
        "ngram": true, 
        "added": "74991144-c692-4ac7-b976-927e969d5b51.added", 
        "pruningThresholds": [], 
        "order": 3
    }, 
    "verb_quit": {
        "vanilla": "cef2e4ae-0020-4488-885d-d5586f319ea5.vanilla", 
        "ngram": true, 
        "added": "cef2e4ae-0020-4488-885d-d5586f319ea5.added", 
        "pruningThresholds": [], 
        "order": 3
    }, 
    "medical_staff": {
        "vanilla": "d048ff7e-8250-4f7e-adb6-cc12163d8d79.vanilla", 
        "ngram": true, 
        "added": "d048ff7e-8250-4f7e-adb6-cc12163d8d79.added", 
        "pruningThresholds": [], 
        "order": 3
    }, 
    "you_me": {
        "vanilla": "12171d26-29e1-44b7-8b84-2f5ebabc57d9.vanilla", 
        "ngram": true, 
        "added": "12171d26-29e1-44b7-8b84-2f5ebabc57d9.added", 
        "pruningThresholds": [], 
        "order": 3
    }, 
    "notTaken": {
        "vanilla": "263914ed-b5c0-49e0-88fc-4d20cdb948ea.vanilla", 
        "ngram": true, 
        "added": "263914ed-b5c0-49e0-88fc-4d20cdb948ea.added", 
        "pruningThresholds": [], 
        "order": 3
    }, 
    "filling_state": {
        "vanilla": "c32234eb-cc1f-4da0-8b93-dfb74d9b7a70.vanilla", 
        "ngram": true, 
        "added": "c32234eb-cc1f-4da0-8b93-dfb74d9b7a70.added", 
        "pruningThresholds": [], 
        "order": 3
    }, 
    "time_spec": {
        "vanilla": "d94afcf3-fe15-4439-9b54-9d25ebc0c7fd.vanilla", 
        "ngram": true, 
        "added": "d94afcf3-fe15-4439-9b54-9d25ebc0c7fd.added", 
        "pruningThresholds": [], 
        "order": 3
    }, 
    "verb_takeMed": {
        "vanilla": "2609cbb5-d45a-4141-80b6-0f9207e15360.vanilla", 
        "ngram": true, 
        "added": "2609cbb5-d45a-4141-80b6-0f9207e15360.added", 
        "pruningThresholds": [], 
        "order": 3
    }
}